<?xml version="1.0" encoding="UTF-8" standalone="yes"?>
<addon id="plugin.video.topdocumentaryfilmscom" name="Top Documentary Films" version="0.0.5" provider-name="six_pack">
  <requires>
    <import addon="xbmc.python" version="2.1.0"/>
	<import addon="script.module.simplejson" version="3.3.0"/>
	<import addon="script.module.urlresolver"  version="2.1.2"/>
	<import addon="script.module.addon.common" />
	<import addon="plugin.video.youtube" version="3.0.0"/>
  </requires>
  <extension point="xbmc.python.pluginsource" library="addon.py">
    <provides>video</provides>
  </extension>
  <extension point="xbmc.addon.metadata">
    <summary lang="en">www.topdocumentaryfilms.com</summary>
    <description lang="en">Watch documentaries from topdocumentaryfilms.com. All videos are publically available. We do not host or feed any of the video links.</description>
    <disclaimer lang="en"></disclaimer>
    <language></language>
    <platform>all</platform>
    <license></license>
    <forum></forum>
    <website></website>
    <email></email>
    <source></source>
  </extension>
</addon>