<?xml version="1.0" encoding="UTF-8" standalone="yes"?>
<addon id="plugin.video.Health.Plus.Woman" name="[COLOR pink]בריאות פלוס - נשים[/COLOR]" version="1.0.1" provider-name="ToMeR">
  <requires>
    <import addon="xbmc.python" version="2.1.0"/>
    <import addon="plugin.video.youtube"/>
  </requires>
  <extension point="xbmc.python.pluginsource" library="addon.py">
    <provides>video</provides>
  </extension>
  <extension point="xbmc.addon.metadata">
    <language>en</language>
    <summary lang="he">תוסף מיוחד לנשים בלבד</summary>
    <description lang="he">נשים יקרות תוסף זה נבנה לכן באהבה ותוך השקעה רבה , תוכלו למצוא כאן מגוון מדריכים ,טיפה לחיים טובים , כושר גופני , ועוד.
	</description>
    <disclaimer lang="en">ToMeR For Add-Ons</disclaimer>
    <platform>all</platform>
  </extension>
</addon>
