<?xml version="1.0" encoding="UTF-8" standalone="yes"?>
<addon id="plugin.video.fishermanscove" name="[COLOR green]F[/COLOR]ishermans [COLOR green]C[/COLOR]ove" version="2.0.0" provider-name="Automan">
  <requires>
    <import addon="xbmc.python" version="2.1.0"/>
    <import addon="script.module.simplejson" version="3.3.0"/>
    <import addon="script.module.urlresolver"  version="2.1.2"/>
  </requires>
  <extension point="xbmc.python.pluginsource" library="default.py">
        <provides>video</provides>
  </extension>
  <extension point="xbmc.addon.metadata">
    <summary lang="en"></summary>
    <description lang="en">Many thanks to the whole of the [COLOR orange]Ares[/COLOR]Project for everything, this wouldnt have been possible without you guys.. Also thanks to [COLOR blue]ColdKeys[/COLOR] for his contribution towards the code, much appreciated mate...              [COLOR yellow]*****I DO NOT HOST THIS MEDIA, I DID NOT UPLOAD THIS MEDIA, I JUST PUT THE LINKS TOGETHER*****[/COLOR]         [COLOR green]Tight lines folks and dont forget, when I see you on the bank... Brews on you..[/COLOR]  -  "[COLOR red]AUTO[/COLOR]" </description>
    <platform>all</platform>
  </extension>
</addon>
