﻿<?xml version="1.0" encoding="UTF-8" standalone="yes"?>
<addon id="plugin.video.movse" name="Movse" version="1.0.2" provider-name="jsergio">
	<requires>
		<import addon="xbmc.python" version="2.1.0"/>
		<import addon="script.module.metahandler" version="1.0.0"/>
		<import addon="script.module.urlresolver" version="3.0.12"/>
		<import addon="script.module.simplejson" version="2.0.10"/>
		<import addon="script.common.plugin.cache" version="0.9.1"/>
		<import addon="script.module.parsedom" version="0.9.1"/>
		<import addon="plugin.video.youtube" version="5.2.1"/>
	</requires>
	<extension point="xbmc.python.pluginsource" library="default.py">
		<provides>video</provides>
	</extension>
	<extension point="xbmc.addon.metadata">
		<summary lang="en">Watch a wide selection of movies and tv shows from movse.tv</summary>
		<description lang="en">***BETA*** TV Shows not added yet.</description>
		<disclaimer lang="en">The author does not host or distribute any of the content displayed by this addon. The author does not have any affiliation with the content provider.</disclaimer>
		<platform>all</platform>
	</extension>
</addon>
