<?xml version="1.0" encoding="UTF-8" standalone="yes"?>
<addon id="plugin.video.anarchitv"
       name="[COLOR yellow]AnarchiTV[/COLOR]"
       version="1.1.4"
       provider-name="Kodi Senyor">
  <requires>
 <import addon="xbmc.python" version="2.1.0"/>
 <import addon="script.module.beautifulsoup4" version="4.3.1" />
 <import addon="script.module.requests" version="2.3.0" />
 <import addon="script.module.html5lib" version="0.999.0" />
  </requires>
  <extension point="xbmc.python.pluginsource" library="default.py">
    <provides>video</provides>
  </extension>
  <extension point="xbmc.addon.metadata">
    <summary>AnarchiTV</summary>
    <description>
	AnarchiTV Live tv channels - special thanks to The Mint Team for making great tv guide.
    </description>
	<disclaimer lang="en">
	The author does not host or distribute any of the content displayed by this addon or have any affiliation with the website owners
	</disclaimer>
	<license></license>
    <website>anarchitv.co</website>
    <email></email>
    <platform>all</platform>
  </extension>
</addon>
