<?xml version="1.0" encoding="UTF-8" standalone="yes"?>
<addon id="plugin.video.strainhunters"
	name="Strain Hunters"
	version="1.0.8"
	provider-name="tvaddons.ag">
  <requires>
    <import addon="xbmc.python" version="2.1.0"/>
    <import addon="script.module.addon.common" version="2.0.0"/>
    <import addon="plugin.video.youtube" version="5.0.0"/>
  </requires>
  <extension point="xbmc.python.pluginsource" library="default.py">
    <provides>video</provides>
  </extension>
  <extension point="xbmc.addon.metadata">
    <summary lang="en">Strain Hunters</summary>
    <description lang="en">Strain Hunters is a series of documentaries aimed at informing the general public about the quest for the preservation of the cannabis plant in the form of particularly vulnerable landraces originating in the poorest areas of the planet.</description>
    <platform>all</platform>
    <forum>http://forums.tvaddons.ag/forums/113-TVADDONS-AG-ADDON-REPOSITORY</forum>
    <website>http://www.tvaddons.ag/</website>
  </extension>
</addon>
