<?xml version="1.0" encoding="UTF-8" standalone="yes"?>
<addon id="plugin.video.STN_MIX"
       name="[COLOR green]STN[/COLOR] MIX"
       version="0.0.1"
       provider-name="Simple TechNerd">
  <requires>
    <import addon="xbmc.python" version="2.1.0"/>
    <import addon="script.module.requests"/>
  </requires>
  <extension point="xbmc.python.pluginsource"
            library="default.py">
        <provides>video</provides>
  </extension>
  <extension point="xbmc.addon.metadata">
    <summary lang="en">Mix of Everything</summary>
    <language>en</language>
    <description lang="en">Check out my youtube channel: [COLOR green]Simple TechNerd[/COLOR]</description>
     <platform>all</platform>
  </extension>
</addon>
