<?xml version="1.0" encoding="UTF-8" standalone="yes"?>
<addon id="plugin.video.moviesil" name="[COLOR blue]MoviesIL[/COLOR]" version="1.0.1" provider-name="ToMeR">
  <requires>
    <import addon="xbmc.python" version="2.1.0"/>
    <import addon="script.module.addon.common" version="2.0.0"/>
    <import addon="plugin.video.youtube" version="5.1.7"/>
  </requires>
  <extension point="xbmc.python.pluginsource" library="default.py">
    <provides>video</provides>
  </extension>
  <extension point="xbmc.addon.metadata">
    <summary lang="en">ToMeR</summary>
    <summary lang="he">הרחבה מדהימה לצפייה בסרטים ישראליים, תוכלו למצוא פה מגוון סרטים החל מקומדיה ועד לדרמה וסרטי בורקס ,תהנו</summary>
    <description lang="en">MoviesIL </description>
    <description lang="he">הרחבה מדהימה לצפייה בסרטים ישראליים, תוכלו למצוא פה מגוון סרטים החל מקומדיה ועד לדרמה וסרטי בורקס ,תהנו</description>
    <platform>all</platform>
    <forum>n/a</forum>
    <website>n/a</website>
  </extension>
</addon>