<?xml version="1.0" encoding="UTF-8" standalone="yes"?>
<addon id="plugin.video.dahenchmen" name="[COLOR red]DaHenchmen[/COLOR]" version="1.2.4" provider-name="Team Evolve, DaHenchmen">
  <requires>
    <import addon="xbmc.python" version="2.1.0"/>
    <import addon="script.module.simplejson" version="3.3.0"/>
    <import addon="script.module.urlresolver"  version="2.1.2"/>
    <import addon="script.module.liveresolver" version="0.1.24"/>
    <import addon="script.common.plugin.cache" version="2.5.2"/>
    <import addon="script.module.metahandler" version="2.5.1"/>
    <import addon="plugin.video.youtube" optional="true" />
  </requires>
  <extension point="xbmc.python.pluginsource" library="default.py">
        <provides>video</provides>
  </extension>
  <extension point="xbmc.addon.metadata">
    <summary lang="en">The Best Damn Playlist</summary>
    <description lang="en">Please install from the original source or the addon will delete itself. http://dahenchmen.xyz/repo</description>
    <platform>all</platform>
  </extension>
</addon>
