<?xml version="1.0" encoding="UTF-8" standalone="yes"?>
<addon id="repository.wildwest1800" name="[COLOR blue]Wild-West[/COLOR][COLOR yellow] Repository...®[/COLOR]" version="1.0.0" provider-name="Freeworld-Entertainment...®">
	<extension point="xbmc.addon.repository" name="wildwest1800">
		<info>compressed="<false">http://freemediaentertainment.com/Zips/addons.xml</info>
		<checksum>http://freemediaentertainment.com/Zips/addons.xml.md5</checksum>
		<datadir>zip="<true">http://freemediaentertainment.com/Zips/</datadir>
	</extension>
	<extension>point="xbmc.addon.metadata">
		<summary>[COLOR blue]Wild-West[/COLOR][COLOR yellow] Repository...®[/COLOR]</summary>
		<description>[COLOR yellow]WildWest[/COLOR] La Nueva Fuente de[COLOR blue] Repositorys para Kodi Enjoy...®[/COLOR]</description>
		<platform>all</platform>
	</extension>
</addon>