<?xml version="1.0" encoding="UTF-8" standalone="yes"?>
<addon id="plugin.video.now_music" name="Now Music"	version="1.0.3"	provider-name="Pulse Builds"> 
  <requires>
    <import addon="xbmc.python" version="2.1.0"/>
    <import addon="script.module.addon.common" version="2.0.0"/>
    <import addon="plugin.video.youtube" version="5.0.0"/>
  </requires>
  <extension point="xbmc.python.pluginsource" library="pulse.py">
    <provides>video</provides>
  </extension>
  <extension point="xbmc.addon.metadata">
    <summary lang="en">Compilation Of Youtube Playlists</summary>
    <description lang="en">These Playlists Do Not Contain Any Media That I Have Produced, However Is Freely Available On Youtube!</description>
    <disclaimer lang="en">Pulse Takes No Credit Or Liability For These Streams</disclaimer>
    <platform>all</platform>
    <forum>n/a</forum>
    <website>n/a</website>
  </extension>
</addon>